theta,accuracy
0,0.022222222222222223
5,0.31666666666666665
10,0.5222222222222223
15,0.6944444444444444
20,0.7638888888888888
25,0.7833333333333333
30,0.8138888888888889
35,0.8472222222222222
40,0.8666666666666667
45,0.8916666666666667
50,0.8972222222222223
55,0.9055555555555556
