theta,accuracy
0,0.022222222222222223
5,0.45555555555555555
10,0.6305555555555555
15,0.7138888888888889
20,0.75
25,0.7583333333333333
30,0.7611111111111111
35,0.7666666666666667
40,0.775
45,0.8
50,0.8222222222222222
55,0.8305555555555556
