theta,accuracy
0,0.016666666666666666
5,0.45555555555555555
10,0.6333333333333333
15,0.6916666666666667
20,0.725
25,0.7305555555555555
30,0.7333333333333333
35,0.7361111111111112
40,0.7388888888888889
45,0.7444444444444445
50,0.7611111111111111
55,0.7777777777777778
