theta,accuracy
0,0.008333333333333333
5,0.18055555555555555
10,0.2916666666666667
15,0.33611111111111114
20,0.38333333333333336
25,0.39166666666666666
30,0.39166666666666666
35,0.40555555555555556
40,0.41388888888888886
45,0.4166666666666667
50,0.42777777777777776
55,0.44166666666666665
