theta,accuracy
0,0.019444444444444445
5,0.3055555555555556
10,0.49166666666666664
15,0.6055555555555555
20,0.6361111111111111
25,0.6472222222222223
30,0.6583333333333333
35,0.6638888888888889
40,0.6666666666666666
45,0.6805555555555556
50,0.7027777777777777
55,0.725
