theta,accuracy
0,0.022222222222222223
5,0.44722222222222224
10,0.6277777777777778
15,0.7166666666666667
20,0.7527777777777778
25,0.7611111111111111
30,0.7638888888888888
35,0.7722222222222223
40,0.7805555555555556
45,0.8027777777777778
50,0.8222222222222222
55,0.8277777777777777
