theta,accuracy
0,0.005555555555555556
5,0.26666666666666666
10,0.41388888888888886
15,0.49444444444444446
20,0.5694444444444444
25,0.6277777777777778
30,0.6472222222222223
35,0.65
40,0.6583333333333333
45,0.6722222222222223
50,0.675
55,0.675
