theta,accuracy
0,0.025
5,0.2833333333333333
10,0.475
15,0.6055555555555555
20,0.6388888888888888
25,0.6472222222222223
30,0.6555555555555556
35,0.6611111111111111
40,0.6638888888888889
45,0.6722222222222223
50,0.6972222222222222
55,0.7194444444444444
