theta,accuracy
0,0.008333333333333333
5,0.36666666666666664
10,0.6
15,0.7027777777777777
20,0.7583333333333333
25,0.7638888888888888
30,0.7805555555555556
35,0.8027777777777778
40,0.8166666666666667
45,0.825
50,0.8305555555555556
55,0.8444444444444444
