theta,accuracy
0,0.0
1,0.07317073170731707
2,0.0975609756097561
3,0.17073170731707318
4,0.21951219512195122
5,0.2682926829268293
6,0.2926829268292683
7,0.3170731707317073
8,0.3170731707317073
9,0.36585365853658536
10,0.3902439024390244
11,0.43902439024390244
12,0.4878048780487805
13,0.5609756097560976
14,0.6585365853658537
15,0.6829268292682927
16,0.7560975609756098
17,0.7804878048780488
18,0.8292682926829268
19,0.8292682926829268
20,0.8780487804878049
