theta,accuracy
0,0.019444444444444445
5,0.425
10,0.6555555555555556
15,0.7361111111111112
20,0.7777777777777778
25,0.8222222222222222
30,0.8305555555555556
35,0.8333333333333334
40,0.8333333333333334
45,0.8361111111111111
50,0.8472222222222222
55,0.8611111111111112
