theta,accuracy
0,0.027777777777777776
5,0.46944444444444444
10,0.6416666666666667
15,0.7138888888888889
20,0.7444444444444445
25,0.7527777777777778
30,0.7555555555555555
35,0.7638888888888888
40,0.7694444444444445
45,0.7888888888888889
50,0.8138888888888889
55,0.825
