theta,accuracy
0,0.019444444444444445
5,0.44166666666666665
10,0.675
15,0.7583333333333333
20,0.7833333333333333
25,0.7916666666666666
30,0.7944444444444444
35,0.7944444444444444
40,0.7944444444444444
45,0.7944444444444444
50,0.7944444444444444
55,0.7972222222222223
