theta,accuracy
0,0.019444444444444445
5,0.2388888888888889
10,0.475
15,0.6666666666666666
20,0.7527777777777778
25,0.7833333333333333
30,0.8166666666666667
35,0.85
40,0.8722222222222222
45,0.8944444444444445
50,0.8944444444444445
55,0.9055555555555556
