theta,accuracy
0,0.016666666666666666
5,0.36666666666666664
10,0.5583333333333333
15,0.6888888888888889
20,0.75
25,0.7972222222222223
30,0.8194444444444444
35,0.8277777777777777
40,0.8361111111111111
45,0.8583333333333333
50,0.8861111111111111
55,0.9111111111111111
