theta,accuracy
0,0.01098901098901099
1,0.06593406593406594
2,0.0989010989010989
3,0.14285714285714285
4,0.17582417582417584
5,0.21978021978021978
6,0.27472527472527475
7,0.32967032967032966
8,0.3516483516483517
9,0.4065934065934066
10,0.4835164835164835
11,0.5714285714285714
12,0.6483516483516484
13,0.6703296703296703
14,0.7252747252747253
15,0.7472527472527473
16,0.7802197802197802
17,0.8131868131868132
18,0.8571428571428571
19,0.8681318681318682
20,0.8901098901098901
