theta,accuracy
0,0.013888888888888888
5,0.36944444444444446
10,0.5638888888888889
15,0.6777777777777778
20,0.7138888888888889
25,0.7555555555555555
30,0.7805555555555556
35,0.8111111111111111
40,0.8416666666666667
45,0.8694444444444445
50,0.8722222222222222
55,0.875
