theta,accuracy
0,0.047619047619047616
1,0.14285714285714285
2,0.19047619047619047
3,0.38095238095238093
4,0.47619047619047616
5,0.5714285714285714
6,0.7142857142857143
7,0.7142857142857143
8,0.7619047619047619
9,0.8571428571428571
10,0.9047619047619048
11,0.9523809523809523
12,1.0
13,1.0
14,1.0
15,1.0
16,1.0
17,1.0
18,1.0
19,1.0
20,1.0
